ID,emb_0,emb_1,emb_2,emb_3,emb_4,emb_5,emb_6,emb_7,emb_8,emb_9,emb_10,emb_11,emb_12,emb_13,emb_14,emb_15,emb_16,emb_17,emb_18,emb_19,emb_20,emb_21,emb_22,emb_23,emb_24,emb_25,emb_26,emb_27,emb_28,emb_29,emb_30,emb_31,emb_32,emb_33,emb_34,emb_35,emb_36,emb_37,emb_38,emb_39,emb_40,emb_41,emb_42,emb_43,emb_44,emb_45,emb_46,emb_47,emb_48,emb_49,emb_50,emb_51,emb_52,emb_53,emb_54,emb_55,emb_56,emb_57,emb_58,emb_59,emb_60,emb_61,emb_62,emb_63
2,-0.02643021,0.012778585,0.22397275,0.08577981,-0.029610366,0.15790232,-0.1723093,0.06592866,-0.09920714,0.21861921,-0.19259065,-0.082497135,0.06797762,-0.1723423,-0.039032653,-0.028170427,-0.07938838,0.40986878,-0.03997547,-0.0020324371,0.0185036,-0.04287147,-0.14856696,-0.07214373,0.12049643,-0.09711748,-0.013366949,-0.048879143,-0.101105414,0.028361045,0.13930362,-0.07680027,0.0034509543,0.07997268,0.03150555,-0.010205481,0.18728249,-0.05954289,-0.06524933,0.065024234,-0.1529107,-0.058932543,-0.070981085,0.018870877,0.09152239,0.24116792,0.11196395,-0.23463306,-0.14977193,-0.27460465,0.1830208,0.067702815,0.014669497,-0.004637133,-0.24811207,0.010482724,0.08528329,-0.06151421,0.07469781,-0.06341816,-0.21660605,0.1188641,0.13253425,0.2487167
3,-0.036808398,0.0021683385,0.2046574,0.047533087,-0.0578016,0.13722788,-0.20133992,0.057329353,-0.078324825,0.23420759,-0.18802088,-0.109063014,0.07852668,-0.14755867,-0.06074166,-0.04643985,-0.03414686,0.4381696,-0.04271313,-0.010174293,0.045531936,-0.04383909,-0.1859209,-0.06519207,0.11345305,-0.11222165,0.014191457,-0.06878935,-0.1001395,-0.010124061,0.10647071,-0.11840648,-0.049024943,0.06303038,0.013877283,-0.0173323,0.1409455,-0.043855652,-0.07438244,0.03319912,-0.17092606,-0.03590124,-0.08848749,0.016728604,0.08472343,0.23292722,0.09292363,-0.22118776,-0.13387999,-0.28773835,0.15162891,-0.0060115014,-0.017049784,-0.0063454644,-0.25431252,-0.015045802,0.08264499,-0.016904032,0.07008182,-0.06640919,-0.23768044,0.08617312,0.12843923,0.27019468
7,-0.010217605,0.02097493,0.1845275,0.021303229,-0.048133478,0.16733456,-0.18612665,0.07672659,-0.087746255,0.23845915,-0.17626376,-0.07294737,0.07762551,-0.13676786,-0.0431329,-0.02664921,-0.048026346,0.42717195,-0.051265642,0.035052273,0.050966766,-0.02305356,-0.1790191,-0.046119872,0.069761604,-0.13248377,0.01961981,-0.0228335,-0.08065128,0.01228446,0.113206856,-0.10662113,-0.04519317,0.089240596,0.024409026,-0.0067466847,0.1425403,-0.07183217,-0.061918385,0.075439945,-0.18317138,-0.064800456,-0.055827435,0.0221298,0.045991227,0.23923987,0.11134687,-0.22765684,-0.1586568,-0.28180993,0.17785957,0.03908261,-0.0102122035,-0.0066895913,-0.25103113,-0.042464055,0.06549518,-0.03168853,0.09761618,-0.097451694,-0.23985554,0.096558414,0.1119863,0.28306553
8,-0.0023002431,0.009039743,0.20069672,0.061132144,-0.01302276,0.13142048,-0.20144771,0.065587655,-0.062351193,0.26010734,-0.19675964,-0.08720896,0.07094304,-0.16362798,-0.05879844,-0.047673054,-0.052655533,0.431337,-0.055467725,-0.027900495,0.043607533,-0.05238575,-0.17978907,-0.03276855,0.085337974,-0.09271075,0.033145938,-0.02538087,-0.09340673,0.042391364,0.11481176,-0.09472251,0.01561504,0.09146502,0.00176728,-0.03824595,0.15438421,-0.060724404,-0.0583656,0.043435223,-0.14856775,-0.06814184,-0.041058116,0.033035103,0.048678614,0.19656302,0.09512903,-0.23566426,-0.1575,-0.30229858,0.1659849,0.028088028,0.008507415,0.021448372,-0.24874423,-0.005284224,0.080467954,0.009879087,0.068410575,-0.05176174,-0.20856565,0.12394306,0.14156121,0.3000244
10,-0.030164111,0.0010882894,0.21973304,0.04308235,-0.06946714,0.16363764,-0.17071722,0.080391034,-0.079223916,0.2646817,-0.17702693,-0.06958937,0.075894386,-0.14696419,-0.048525672,-0.07189366,-0.04971902,0.43383268,-0.031635743,0.006658682,0.04323929,-0.049034648,-0.18452904,-0.060729068,0.08372952,-0.07999466,0.057036914,-0.04766813,-0.06599854,0.0058282935,0.12288898,-0.116402164,-0.042467855,0.07480929,0.026716162,-0.05005016,0.1685606,-0.041999515,-0.07798444,0.053323824,-0.1778466,-0.078413196,-0.049684975,0.027052706,0.054566316,0.23046273,0.09406221,-0.22596714,-0.16131154,-0.27783373,0.15005033,0.0449905,-0.026995756,0.0323214,-0.24028698,-0.017424136,0.05014208,-0.004608907,0.08946772,-0.0854053,-0.23751889,0.076618016,0.124580055,0.303347
13,-0.027304413,0.03292741,0.23495294,0.046796735,-0.06580634,0.12055569,-0.19079047,0.06866097,-0.06494105,0.20978951,-0.1838248,-0.10034605,0.08241913,-0.16521661,-0.054587502,-0.055320177,-0.055480685,0.42616916,-0.04059545,0.008492321,0.06141171,-0.022965513,-0.17771271,-0.080165595,0.10594501,-0.105832666,0.015345959,-0.07502882,-0.09863006,0.02309929,0.07671765,-0.10411337,-0.009073344,0.086373754,0.012201852,-0.006661154,0.17293063,-0.06291642,-0.05125278,0.058491293,-0.16240923,-0.06044469,-0.05740963,0.041341476,0.07759901,0.2084909,0.10319569,-0.23167613,-0.106962994,-0.2571684,0.15996395,0.039217815,0.00961415,-0.023850324,-0.264591,-0.028974537,0.08111685,-0.017180406,0.087489165,-0.08521298,-0.23811586,0.099549234,0.1509231,0.27363026
14,-0.012296233,0.005941681,0.20539992,0.0636951,-0.043594215,0.14543626,-0.1719298,0.05338776,-0.060801573,0.22098911,-0.20187694,-0.101200044,0.07291283,-0.1650597,-0.065509774,-0.045531414,-0.06538551,0.42043704,-0.05468451,0.015336653,0.05281559,-0.030675618,-0.16057642,-0.060069874,0.09964394,-0.11011468,0.043667268,-0.02217196,-0.10971641,-0.010890092,0.11454046,-0.10075567,-0.009156151,0.079774484,0.020110011,-0.006684982,0.168085,-0.06888956,-0.09051529,0.05587717,-0.1324837,-0.0529366,-0.06403506,0.034215886,0.095446475,0.19723617,0.098688625,-0.25319043,-0.14730893,-0.31556478,0.15806763,0.03968926,-0.019656371,0.02299772,-0.24921528,-0.0041496847,0.08244595,-0.035383474,0.081875734,-0.06438094,-0.22302851,0.12523106,0.11336257,0.27247155
15,0.007955026,0.016979637,0.19412155,0.049444947,-0.035590198,0.16671029,-0.18997313,0.06549739,-0.062192727,0.23885675,-0.18456317,-0.113757536,0.083525725,-0.1595137,-0.037707824,-0.055260956,-0.062355317,0.41574028,-0.05521738,0.02419995,0.051422674,-0.043891415,-0.16048984,-0.02728557,0.091162115,-0.09213754,0.047917567,-0.037818767,-0.11668566,0.001369094,0.107186906,-0.08853421,-0.017603276,0.106151946,0.016225327,-0.019180758,0.17613657,-0.08790723,-0.10132444,0.0770497,-0.14772567,-0.075184226,-0.07741261,0.020204166,0.07234127,0.1938952,0.10729086,-0.2419138,-0.18175071,-0.29565609,0.15538408,0.04394979,0.010683731,-0.013231479,-0.23603763,-0.0070885257,0.06441887,-0.007670916,0.059677348,-0.07379527,-0.21802844,0.116651304,0.15859511,0.29337043
19,-0.0041049877,-0.0055840807,0.18327849,0.058449823,-0.029997043,0.14853533,-0.18494092,0.06843114,-0.09603769,0.23448102,-0.15914291,-0.09167121,0.08125718,-0.17466107,-0.034360807,-0.031448714,-0.025930602,0.43422604,-0.04727713,0.011861546,0.04253844,-0.025109597,-0.17279705,-0.06442728,0.074912764,-0.109797545,0.018746274,-0.049437962,-0.08182053,0.007845561,0.105902135,-0.10089578,-0.0034383915,0.10505212,0.026911087,-0.015365274,0.1780562,-0.07402041,-0.0657125,0.07536458,-0.17210059,-0.077972025,-0.04494723,0.03175998,0.05755939,0.22036406,0.10053117,-0.21177271,-0.18101661,-0.26028377,0.16446975,0.04824243,-0.021539457,0.03079956,-0.26931533,-0.007155047,0.06317467,-0.015276456,0.07479799,-0.07400448,-0.23196998,0.10934059,0.15474363,0.287228
20,0.012129215,-0.00073685,0.18882385,0.06405407,-0.02650136,0.15623425,-0.1937209,0.06773025,-0.09533467,0.22931387,-0.21677727,-0.059130352,0.05841781,-0.1664442,-0.043451156,-0.030347234,-0.054136697,0.44649926,-0.06884406,-0.026027283,0.037977822,-0.013829726,-0.15943892,-0.051853646,0.103530854,-0.09026646,-0.01834314,-0.043913282,-0.104382806,0.010093212,0.12956926,-0.09236934,0.012780273,0.07918376,-0.015439393,-0.03859467,0.16059391,-0.08973551,-0.05688043,0.080175236,-0.16365874,-0.07074064,-0.027607946,0.038820595,0.037276816,0.19804487,0.08174136,-0.21236739,-0.15317665,-0.29489595,0.1539557,0.04283124,0.013751176,-0.01286034,-0.25167784,-0.020363802,0.10041036,0.009268745,0.06741065,-0.09530508,-0.2266965,0.06906586,0.13564096,0.30913222
21,-0.029314984,-0.00558662,0.20944315,0.05862169,-0.030462796,0.12926108,-0.15366603,0.04453067,-0.09131594,0.2214047,-0.16584928,-0.09782438,0.09363785,-0.16011982,-0.057865642,-0.06280278,-0.060804956,0.42662784,-0.06340515,0.042380795,0.05575497,-0.017347202,-0.15807149,-0.055353533,0.10857831,-0.08985701,0.013697631,-0.051433217,-0.10158416,0.00095079775,0.11512734,-0.082143314,-0.01848613,0.08407358,0.027604014,-0.0009624478,0.14674574,-0.0731998,-0.07756929,0.07016718,-0.16307148,-0.06772386,-0.065607905,0.04383099,0.076223075,0.22686052,0.098702095,-0.2478379,-0.13458364,-0.26466128,0.17006703,0.05458733,0.013324083,-0.025805503,-0.25527677,-0.006328019,0.08414276,-0.022923887,0.09489694,-0.095501654,-0.2363869,0.110490866,0.14906183,0.27366784
22,-0.018139798,0.032087322,0.22501615,0.045614623,-0.043881226,0.17139032,-0.17739737,0.08353723,-0.054985255,0.22215761,-0.17750798,-0.12267558,0.05782976,-0.16586933,-0.0488939,-0.051919196,-0.061369356,0.40226418,-0.047553703,0.019655177,0.05210351,-0.02861469,-0.1826858,-0.051321797,0.08861461,-0.06546862,0.037925877,-0.039788734,-0.12021078,0.0022133382,0.12483372,-0.09203457,0.040260404,0.104408555,0.016243694,-0.048362613,0.22707225,-0.05334224,-0.08641958,0.054991603,-0.1317954,-0.07723971,-0.06787908,0.011235344,0.08461004,0.19424187,0.09086606,-0.2525605,-0.1488719,-0.29455104,0.15037349,0.066889584,0.0141046345,-0.011606587,-0.26081017,0.032412548,0.06767493,0.013230274,0.07533924,-0.09092664,-0.22617699,0.1137896,0.13393585,0.27053487
23,0.020548992,-0.0093552,0.19503094,0.055971142,-0.010957839,0.150168,-0.20489791,0.0883627,-0.08207904,0.20700835,-0.2039548,-0.091832556,0.094571,-0.17191955,-0.041379634,-0.02910977,-0.08720862,0.4157623,-0.054799706,-0.006832951,0.059136666,-0.021859158,-0.18287882,-0.041529793,0.1124673,-0.08307029,0.000537931,-0.05493584,-0.09962868,0.009486625,0.1267966,-0.06499839,0.029511502,0.08258974,0.011684526,-0.035079356,0.15100263,-0.101252705,-0.1007936,0.0782016,-0.122890614,-0.05967533,-0.06444268,0.04115249,0.054453358,0.18578528,0.11297531,-0.24754716,-0.14164919,-0.30164462,0.1512849,0.041387852,0.01776151,-0.019634524,-0.23027886,0.010430571,0.099625364,0.0020862333,0.06543333,-0.09717006,-0.23022069,0.14104176,0.15278676,0.3055521
24,-0.03023597,0.0011724024,0.2062744,0.04240852,-0.036792397,0.13580707,-0.16709435,0.03439013,-0.077552155,0.242018,-0.19851802,-0.08283921,0.071683854,-0.16578177,-0.03857362,-0.052724298,-0.05683658,0.43559805,-0.050220255,0.006441674,0.027661843,-0.011851785,-0.18905848,-0.037131093,0.08386512,-0.1027301,0.0397953,-0.017396208,-0.11457624,0.026381738,0.11798205,-0.13915,-0.035670485,0.075721666,0.0054499814,-0.011042659,0.15150078,-0.072493844,-0.05440549,0.03838577,-0.1392312,-0.039450523,-0.060652748,0.033214383,0.0753309,0.25221682,0.1124646,-0.21374658,-0.1660368,-0.2887705,0.13611165,0.04438627,-0.023883948,-0.0069660977,-0.23870426,0.015037276,0.07110154,-0.013276105,0.09061166,-0.092864424,-0.24728869,0.116078116,0.1629268,0.26977465
26,-0.001566298,0.011879107,0.23003833,0.032002643,-0.029702958,0.12068333,-0.17271614,0.0634824,-0.10120902,0.1846461,-0.1959993,-0.099843554,0.081250794,-0.1616201,-0.051787972,-0.013239085,-0.06709085,0.4326015,-0.04493425,0.028208012,0.037721492,-0.037769873,-0.14814317,-0.058787744,0.08496239,-0.1356132,-0.008241822,-0.054779544,-0.08967752,0.029413493,0.11236877,-0.10806463,0.0028735672,0.083086826,0.005062239,-0.007174793,0.1672076,-0.04604894,-0.04142478,0.08693864,-0.16325034,-0.076736346,-0.06221472,0.06267336,0.05641531,0.21679653,0.100162834,-0.22590178,-0.13520901,-0.3046418,0.16169384,0.054212388,0.02344357,-0.0042728633,-0.24112692,-0.0100075165,0.08625991,-0.022737458,0.09708019,-0.06603072,-0.2320637,0.102355674,0.12119586,0.28818902
27,-0.010295276,0.010350265,0.2074941,0.02210796,-0.061349813,0.1833338,-0.19917111,0.062534705,-0.10469228,0.21743853,-0.1811854,-0.09761035,0.08704877,-0.1319261,-0.059129618,-0.054508634,-0.055934355,0.4420612,-0.068495445,0.01654747,0.03189935,-0.036905374,-0.18636566,-0.033009954,0.080676764,-0.09143132,0.010148533,-0.05452183,-0.10677763,-0.02510266,0.09975735,-0.0896255,-0.037348356,0.08126946,0.043032005,-0.04362574,0.15823548,-0.0915702,-0.07019424,0.06570267,-0.17141338,-0.083033465,-0.052955657,-0.010222965,0.08403571,0.2486042,0.1091344,-0.2404318,-0.16280837,-0.26096386,0.13456649,0.071623705,0.02322457,-0.016204389,-0.25792593,-0.00037292746,0.048825156,-0.004911783,0.049112972,-0.08365703,-0.24029954,0.071471296,0.12359767,0.27227077
30,0.008260485,0.0021681415,0.19985493,0.04774202,-0.0460496,0.12625541,-0.1784361,0.05358276,-0.08689356,0.2392381,-0.194295,-0.0941105,0.083003044,-0.14561222,-0.05949297,-0.03588189,-0.06691045,0.4326617,-0.05086427,0.019365627,0.051808927,-0.012059847,-0.16934803,-0.0376996,0.08476204,-0.09808858,0.02719983,-0.03988881,-0.109060235,0.0014089339,0.122786306,-0.10584427,0.00023975443,0.09195937,-0.0021424568,-0.01850443,0.138177,-0.0711193,-0.0746971,0.038727522,-0.15779313,-0.08662851,-0.049561094,0.061192647,0.050477274,0.2216565,0.087359786,-0.23739403,-0.14822094,-0.2981994,0.15804364,0.004768585,0.007222693,-0.033938333,-0.24346244,-0.022854429,0.08699869,-0.004259329,0.09710321,-0.0850283,-0.23015217,0.11467961,0.12748542,0.2892133
32,0.0040205494,-0.017416606,0.19230618,0.05208008,-0.028901294,0.1291021,-0.1723029,0.07149147,-0.086513795,0.2415637,-0.20798247,-0.0944226,0.08114624,-0.12653455,-0.062490173,-0.071123235,-0.041314747,0.442121,-0.045760762,0.029053356,0.049365487,-0.005509542,-0.16560069,-0.033212204,0.059486985,-0.123735555,0.034333263,-0.043541834,-0.075442486,-0.00391268,0.11240334,-0.09802878,0.00030612852,0.09230055,0.015750429,-0.02243849,0.15080114,-0.08162819,-0.039818905,0.06710577,-0.17702064,-0.07093929,-0.0644103,0.044367652,0.07108502,0.23418233,0.11191854,-0.23187394,-0.13311633,-0.29567397,0.17133036,0.03147146,-0.014738422,0.010940483,-0.23271002,-0.042141285,0.043132614,-0.017780367,0.0680114,-0.10118043,-0.23278196,0.10126486,0.14275296,0.27636927
33,-0.021520108,-0.002076697,0.21490844,0.058350336,-0.029561153,0.15382056,-0.17098407,0.05794739,-0.061575457,0.24689208,-0.18820497,-0.1061281,0.08416273,-0.1568686,-0.020073166,-0.059834342,-0.056909084,0.4189933,-0.029364515,-0.0008515077,0.050851468,-0.015329389,-0.16745408,-0.06565356,0.08807688,-0.10068045,0.05909945,-0.026032565,-0.100869484,0.021994743,0.119944,-0.09444086,-0.013504893,0.09532572,0.015446975,-0.038146283,0.16819872,-0.074395396,-0.087582305,0.031426575,-0.15355946,-0.07973685,-0.081493795,0.029604789,0.09803213,0.2265396,0.11064295,-0.23935473,-0.17160925,-0.3081343,0.15631303,0.039624568,0.008818699,0.02298391,-0.23038499,0.012664873,0.061694503,-0.036196616,0.09399642,-0.06055442,-0.22565055,0.08536332,0.14056486,0.2739823
34,0.0018848013,0.0009873564,0.21979763,0.05094846,-0.055851035,0.16108555,-0.1635857,0.058004055,-0.073335186,0.22903392,-0.1928763,-0.063416936,0.050841756,-0.17097998,-0.05875601,-0.029714286,-0.06230467,0.4297618,-0.050942708,0.02659113,0.02607716,-0.024870995,-0.1796035,-0.05190857,0.09265297,-0.10036947,0.029013319,-0.036332455,-0.09823927,-0.00033448605,0.098781854,-0.08247942,0.011314145,0.10778875,-0.0072483094,-0.015485791,0.1761014,-0.07197764,-0.069081895,0.08416876,-0.16339934,-0.075799555,-0.050115347,0.028574187,0.07028838,0.23912784,0.09334928,-0.2119475,-0.14136876,-0.26255316,0.13627915,0.06664153,0.0020559672,0.0073458804,-0.24164838,0.00066426356,0.0908891,-0.0068355533,0.09996614,-0.09860696,-0.23430721,0.11556251,0.12364127,0.29509944
35,-0.0013594044,0.008887962,0.20050043,0.030596782,-0.02866195,0.15660666,-0.20235476,0.09297002,-0.07533355,0.25416148,-0.18311073,-0.09131797,0.084973395,-0.14831537,-0.05283051,-0.03626349,-0.062375896,0.41174132,-0.06609767,0.0016793692,0.05191847,-0.01489368,-0.19269976,-0.02715376,0.11352652,-0.08106112,0.017501408,-0.052073613,-0.11196031,-0.018069101,0.14868918,-0.09609753,-0.0029847359,0.08121214,0.0235472,-0.029885389,0.15584794,-0.061711174,-0.09580693,0.05914993,-0.14980051,-0.06719506,-0.09370602,0.020476997,0.047973514,0.22074623,0.10279358,-0.2355268,-0.14538644,-0.2951056,0.16071284,0.033787157,-0.00028779873,0.0113558285,-0.23352198,-0.006296041,0.08175862,-0.007212761,0.07801019,-0.09805498,-0.2316,0.1044756,0.14009048,0.27370647
37,0.0045446227,-0.0038581595,0.23329972,0.0601289,-0.012828924,0.14287803,-0.1791587,0.047186907,-0.08163275,0.17957826,-0.19609502,-0.09381123,0.05173603,-0.17437217,-0.065421455,-0.022664336,-0.08579172,0.4245055,-0.0678311,0.031360965,0.027930852,-0.018928837,-0.17539924,-0.07677859,0.103997305,-0.08003755,-0.0032669348,-0.02808956,-0.11963771,0.029982993,0.114464715,-0.09261032,0.031367425,0.090935744,0.0088878935,0.0024284977,0.18731655,-0.06468827,-0.08033051,0.046187405,-0.14573716,-0.09313434,-0.048433755,0.058324832,0.068432815,0.20503181,0.0790762,-0.23852515,-0.15721865,-0.29794577,0.17482512,0.05191185,0.046407502,-0.023287233,-0.2450505,-0.0027110383,0.10561762,-0.05449271,0.086576805,-0.07081492,-0.19807844,0.12256894,0.10968043,0.2614398
39,-0.010841354,0.022250213,0.18289793,0.03127096,-0.013082448,0.14083306,-0.18442157,0.060283016,-0.116108865,0.23067147,-0.18382393,-0.09739824,0.064021595,-0.1711549,-0.037415024,-0.006276197,-0.061726935,0.419817,-0.06406969,-0.032580554,0.041252337,-0.0390164,-0.1939823,-0.047016975,0.10285514,-0.10072087,0.02367773,-0.042642787,-0.12674616,0.020224847,0.14162882,-0.12308649,-0.0036485512,0.06943693,0.0081970915,-0.05578849,0.151134,-0.08675111,-0.096987076,0.060950413,-0.16714197,-0.05728036,-0.058871526,0.036084946,0.03088736,0.2087309,0.10862665,-0.2168347,-0.17900145,-0.3181032,0.13670573,0.034359448,0.018520273,-0.0040034307,-0.2374789,0.004645121,0.10068732,-0.0060007465,0.08717397,-0.07834342,-0.22347623,0.12686212,0.11574292,0.28594545
41,-0.026324457,-0.020534948,0.18749382,0.06362937,-0.045875743,0.11697259,-0.1733984,0.0874389,-0.07917982,0.24453263,-0.1792367,-0.060702927,0.07667642,-0.18822767,-0.023416087,-0.028773224,-0.025804006,0.43532032,-0.0719951,-0.02481359,0.050501626,-0.030871782,-0.17573063,-0.065599225,0.084716104,-0.11200783,-0.005404129,-0.03814337,-0.08871152,0.014882206,0.0924887,-0.077544294,0.0008923247,0.08503866,0.0063033514,-0.018402172,0.15226747,-0.08592615,-0.05677209,0.06830208,-0.17951038,-0.0771816,-0.04054222,0.028348587,0.046573717,0.21179514,0.090760484,-0.23065156,-0.13386272,-0.2974694,0.16376917,0.024130711,-0.0034990145,0.041209493,-0.26281714,0.0149555765,0.07062238,-0.006731788,0.106943466,-0.1016682,-0.22185165,0.10674503,0.1365551,0.27604085
43,-0.0034364802,0.004161372,0.18164828,0.069366656,-0.024264785,0.15856752,-0.18209164,0.100040674,-0.07536259,0.24163237,-0.18371661,-0.087540686,0.0710053,-0.16079809,-0.038747553,-0.052576732,-0.041025404,0.41095793,-0.0610415,0.042041183,0.05318313,-0.024514953,-0.14823835,-0.029804928,0.08518516,-0.10264923,-0.007718961,-0.04849208,-0.07719005,0.0026484292,0.11187299,-0.10851925,-0.016558487,0.07756577,0.044817425,-0.004830955,0.14401938,-0.08866809,-0.0710296,0.1003212,-0.1389645,-0.081031784,-0.055511802,0.02154879,0.085516706,0.21891701,0.113654286,-0.23608337,-0.17813656,-0.25552917,0.2030289,0.056141853,-0.004384162,-0.008552993,-0.26462168,0.012824251,0.09388891,-0.008682779,0.07025973,-0.084093876,-0.23516999,0.13118203,0.16242613,0.28707328
44,-0.0144392755,-0.010653905,0.22740094,0.016592609,-0.022040382,0.14801659,-0.19099532,0.056302328,-0.08381583,0.23898716,-0.18435737,-0.103889674,0.071629494,-0.15978293,-0.0253984,-0.045523066,-0.062834874,0.41326088,-0.04837696,0.0026834265,0.07163185,-0.011835898,-0.19334845,-0.033766754,0.116948985,-0.095984764,0.032803524,-0.022053342,-0.09596184,-0.021714956,0.14689267,-0.097841114,-0.011022253,0.067849375,0.03950211,-0.022037616,0.18762963,-0.09839061,-0.08444914,0.0791019,-0.12031773,-0.021397604,-0.08438845,0.024103371,0.07182325,0.2254697,0.10290975,-0.2263584,-0.13226993,-0.28222582,0.16547759,0.052301563,-0.0042617293,-0.0080870595,-0.2375095,0.0054483516,0.0877262,0.023079216,0.095338695,-0.110237025,-0.21959768,0.10818173,0.17976083,0.28062904
45,-0.007177567,0.0073656333,0.19019915,0.07847816,-0.037458744,0.17512949,-0.19992435,0.078095704,-0.06127336,0.2508734,-0.19882408,-0.0568916,0.06343816,-0.16329193,-0.050241165,-0.042194046,-0.048899326,0.41204378,-0.051911417,0.022286477,0.009587789,-0.029012684,-0.16848147,-0.07952585,0.100785926,-0.06637782,0.0038804016,-0.06838126,-0.09362344,0.02796585,0.11452872,-0.103003114,0.00963699,0.09874994,-0.006283604,-0.0141705815,0.1792724,-0.056814004,-0.076569185,0.08285521,-0.16700053,-0.08179449,-0.059988737,0.045867667,0.06467672,0.20707506,0.10782901,-0.20823397,-0.14389664,-0.29808682,0.16179435,0.027368763,0.020335313,0.024753267,-0.2525834,-0.009070894,0.08890948,-0.008984309,0.07393101,-0.091151394,-0.22281344,0.10553775,0.13560498,0.2792028
46,-0.0028235877,0.005624472,0.1850283,0.04529494,-0.026363824,0.15047139,-0.16791642,0.075758025,-0.087992646,0.23694228,-0.18510969,-0.09486395,0.091096155,-0.1485198,-0.04448554,-0.030850526,-0.06524624,0.41479465,-0.048891593,-0.002696092,0.017268432,-0.019494403,-0.17071167,-0.076239474,0.11331682,-0.085014045,0.00537156,-0.04764388,-0.12323185,0.0066083474,0.16087362,-0.12271458,-0.019290894,0.07236578,0.020969596,-0.011279626,0.16701247,-0.06366266,-0.09056656,0.062259987,-0.1728525,-0.058046695,-0.06868245,0.035647534,0.061734077,0.24104634,0.105696976,-0.21817052,-0.20153958,-0.3310865,0.17699283,0.064564504,0.022519553,0.028290153,-0.20640978,0.025133828,0.07908438,-0.030071465,0.053111255,-0.080979906,-0.21061169,0.092718884,0.13288793,0.28417453
47,-0.028344836,-0.0044007325,0.18362077,0.05737277,-0.012735864,0.16621944,-0.17790554,0.065442376,-0.050122738,0.2358808,-0.2023608,-0.09429375,0.0829263,-0.1633573,-0.017403828,-0.029501986,-0.07487034,0.41737857,-0.025517002,-0.00039338088,0.03393257,-0.03593446,-0.16288373,-0.067712955,0.08596167,-0.110370785,0.017783687,-0.05087039,-0.11382096,0.012873735,0.1451143,-0.078758195,-0.008344876,0.090811506,0.011524265,-0.04236182,0.1752728,-0.06833728,-0.08845975,0.053151537,-0.17198639,-0.0575825,-0.05441346,0.037368163,0.07693525,0.21102935,0.10811377,-0.22925231,-0.16984332,-0.31696188,0.18344882,0.056765188,0.020761093,0.03606184,-0.24266873,-0.0041494104,0.077961065,-0.034536686,0.10911067,-0.060174994,-0.19676271,0.12559682,0.12708232,0.28064945
48,-0.010604602,-0.009138431,0.22941326,0.051162392,-0.044336572,0.14558855,-0.17672154,0.043560497,-0.08025308,0.21878085,-0.18055697,-0.07229317,0.043216616,-0.12969095,-0.06463319,-0.036017343,-0.05834049,0.43905836,-0.05616196,0.04541559,0.039998088,-0.006579559,-0.16830805,-0.07335053,0.09389069,-0.10774985,0.029618599,-0.036900107,-0.10935334,-0.00203341,0.13153408,-0.08754759,-0.024555989,0.11272464,0.018023262,0.022931548,0.18117589,-0.03744133,-0.07785313,0.07292971,-0.15079594,-0.085235745,-0.076262295,0.02322519,0.08754978,0.21216986,0.08548959,-0.23951887,-0.16224706,-0.29495898,0.17212342,0.033128094,0.008448671,-0.015137645,-0.24005273,0.0017572163,0.06585556,-0.0429619,0.07042845,-0.08409464,-0.22562818,0.10232057,0.13129663,0.25423384
51,-0.0110854665,0.0013872479,0.19150108,0.05601623,-0.024975594,0.15257798,-0.17567597,0.0890775,-0.08778596,0.21092753,-0.20890857,-0.077329285,0.06546422,-0.15460074,-0.038046557,-0.05552994,-0.067335725,0.42695865,-0.03893119,0.027818779,0.01316609,-0.034076553,-0.16991912,-0.052973926,0.07366465,-0.0996224,0.02808597,-0.0348754,-0.074999884,-0.00038460732,0.13855964,-0.09927284,-0.0035550992,0.07590132,0.04101912,-0.031632036,0.1841039,-0.06379327,-0.06329149,0.061830945,-0.18198359,-0.07605494,-0.060640734,0.013729566,0.056275606,0.21794611,0.09899851,-0.23032069,-0.15992427,-0.28000498,0.1651848,0.066526085,-0.01593424,-0.00066103396,-0.2480563,-0.0038978057,0.07919501,-0.046877977,0.07851837,-0.093243666,-0.22495057,0.099585034,0.12579723,0.28970018
52,-0.030953093,-0.015310536,0.21720679,0.03129913,-0.031343166,0.15133417,-0.15903789,0.08404835,-0.08885902,0.23143622,-0.19374529,-0.08842374,0.08755798,-0.15743366,-0.03244535,-0.0531125,-0.037034508,0.42252043,-0.03813637,0.034902867,0.03458648,-0.012617254,-0.17118639,-0.079253554,0.08114568,-0.101577945,0.010792864,-0.050690126,-0.09988263,0.011184662,0.11767222,-0.09840682,-0.0016050001,0.11584751,0.029088682,-0.026701339,0.17171706,-0.04874244,-0.06952289,0.040664427,-0.15805677,-0.077096276,-0.06598851,0.025430769,0.055366684,0.22094135,0.10541067,-0.22561003,-0.17400052,-0.30273098,0.17482732,0.059829373,0.0074906726,0.016114099,-0.23783906,0.009613413,0.058714166,-0.06406465,0.09405185,-0.068413466,-0.19556433,0.113781475,0.14241527,0.28350645
53,2.1568925e-05,0.0060658646,0.1983846,0.058568276,-0.029933706,0.13121235,-0.1715514,0.08027471,-0.07746798,0.22498618,-0.19380723,-0.07890007,0.09353113,-0.18305537,-0.057236098,-0.023859004,-0.05765703,0.40748033,-0.06234654,0.020000402,0.05402393,-0.024349432,-0.1674619,-0.048225906,0.10838815,-0.10772037,0.004176559,-0.075826235,-0.114870615,-0.0011137804,0.13234332,-0.076061375,-0.012290033,0.08951451,0.020049173,-0.0013009275,0.16251333,-0.09428458,-0.062332384,0.060274437,-0.16252226,-0.06301346,-0.04368323,0.061737012,0.06762955,0.21937764,0.12124916,-0.23782133,-0.15913409,-0.28971565,0.19847366,0.006988405,0.01771659,-0.0018868735,-0.24156895,-0.009255653,0.07100234,-0.028403677,0.08219957,-0.06294118,-0.20640264,0.1166445,0.12932314,0.27545106
55,-0.009247246,0.021925593,0.194136,0.07304902,-0.024368113,0.14466608,-0.17365229,0.06720927,-0.06532927,0.23645139,-0.19795747,-0.09147958,0.0777695,-0.16826168,-0.05571235,-0.044671062,-0.03994432,0.42425618,-0.07881653,0.0031828715,0.036681496,-0.02476463,-0.15427192,-0.040198054,0.11035422,-0.083803274,0.016418569,-0.038395997,-0.12206994,0.020429669,0.12646693,-0.10626477,-0.008744817,0.10645584,-0.0011417452,-0.006633669,0.13459292,-0.07522621,-0.10239447,0.046783853,-0.14682627,-0.051286235,-0.062151175,0.03717597,0.077795774,0.19825973,0.09211071,-0.22809574,-0.13676946,-0.29364777,0.15808523,0.01724687,-0.01796996,-0.014625044,-0.27461419,-0.019094473,0.095102094,-0.008471513,0.09309925,-0.100620136,-0.21976513,0.11876563,0.14692625,0.2874316
58,-0.030463368,-0.0085703395,0.20027827,0.062455367,-0.049141217,0.12768166,-0.15224163,0.08184765,-0.07519217,0.22763573,-0.17727335,-0.11635096,0.07937947,-0.17494665,-0.044567097,-0.034284,-0.05090877,0.4059374,-0.06282391,0.02072539,0.059897576,-0.010092346,-0.17190742,-0.059519175,0.105038114,-0.11772557,0.014417984,-0.05393188,-0.12971646,0.014387021,0.11933254,-0.09887769,-0.023283886,0.10936655,0.019891698,-0.015508854,0.16357778,-0.08849224,-0.0861549,0.054049786,-0.15172413,-0.08161696,-0.06239672,0.061665073,0.08932242,0.20829313,0.08722499,-0.2532526,-0.16056624,-0.30390847,0.1697275,0.03841153,0.011047996,0.027418887,-0.2483816,0.007612037,0.052338928,-0.017067583,0.07933487,-0.06636772,-0.21450312,0.13066797,0.13751854,0.2602704
59,-0.017796364,0.013190989,0.21638235,0.056043107,-0.027264202,0.15238336,-0.1931432,0.048011534,-0.08267736,0.23311417,-0.17706148,-0.099408925,0.08045735,-0.15652813,-0.043387778,-0.054019723,-0.0642096,0.4297982,-0.07349682,0.0016719792,0.066977166,-0.026986701,-0.15718384,-0.03558095,0.077602714,-0.09990519,0.010559698,-0.078929015,-0.09185597,-0.00875325,0.11510713,-0.073821254,-0.0018202335,0.08334714,0.0055245124,-0.009620004,0.15307918,-0.087298885,-0.085133106,0.074874446,-0.14782318,-0.07198854,-0.08053729,0.042053513,0.07093186,0.21908638,0.09236734,-0.25017947,-0.14700529,-0.2666939,0.174906,0.0018727022,0.003999929,-0.0033741496,-0.25962228,-0.012630166,0.062219124,0.005384766,0.09486735,-0.087022655,-0.22052386,0.09993192,0.15992947,0.28280708
60,-0.0054769,0.0227396,0.19296815,0.03630396,-0.022528458,0.1621477,-0.19943592,0.115650065,-0.062628664,0.25290045,-0.20186074,-0.08206634,0.071948946,-0.12337953,-0.04730946,-0.05587589,-0.058564484,0.4122369,-0.026787572,0.009721883,0.017349757,-0.0077697695,-0.17897557,-0.056592133,0.11137451,-0.09427949,0.050145634,-0.041592248,-0.13154748,-0.013577318,0.13523096,-0.129373,-0.027284084,0.078829914,0.018783865,-0.057988107,0.14148754,-0.05324578,-0.098061055,0.055829003,-0.1724668,-0.0634904,-0.065222405,0.036408167,0.063968815,0.2044514,0.07465502,-0.23222983,-0.18610539,-0.32115626,0.14564522,0.02956624,-0.02226098,0.008889375,-0.24957418,-0.017130652,0.05546566,-0.029340606,0.051859435,-0.093391605,-0.21714857,0.11284305,0.14684594,0.2818062
61,0.0072311913,0.037611548,0.21713668,0.05960959,-0.033332974,0.16361515,-0.15782145,0.07095889,-0.08572901,0.2373139,-0.17233704,-0.08202035,0.087769814,-0.14157516,-0.064303644,-0.03698447,-0.06837065,0.417993,-0.060689215,0.024290474,0.05649413,-0.014735829,-0.18373387,-0.045072217,0.109552726,-0.077543676,0.03446243,-0.02509477,-0.0847315,0.03300623,0.13265738,-0.108652905,0.006066295,0.10985352,0.0017325659,-0.0043091383,0.16795623,-0.052645262,-0.09596502,0.07539258,-0.14190324,-0.07415026,-0.05365525,0.04028051,0.08226558,0.19324367,0.09846084,-0.21257718,-0.15136534,-0.28433987,0.16065577,0.057015415,0.01840066,0.006897678,-0.25035763,2.5847357e-06,0.087908216,-0.014311996,0.07966105,-0.106040336,-0.2539496,0.13705197,0.1455607,0.28450444
63,-0.00602254,0.0072389734,0.24007104,0.055782404,-0.05008237,0.11611112,-0.1990951,0.031029634,-0.10071772,0.19498433,-0.19475839,-0.11237985,0.041830525,-0.15761349,-0.0668325,-0.052837808,-0.075755045,0.40178093,-0.05272152,0.031961944,0.042897414,-0.011017348,-0.18008743,-0.06498585,0.09458487,-0.094735034,0.02298546,-0.024054091,-0.10895927,0.018145593,0.110862955,-0.08782103,0.011532355,0.10400555,0.013792611,0.0057021016,0.18388562,-0.07450118,-0.08713635,0.059726086,-0.15754706,-0.067223124,-0.05592905,0.07663484,0.09383328,0.20805389,0.10121802,-0.24330121,-0.10980514,-0.3077892,0.17583804,0.0363265,0.0048883785,-0.016023478,-0.23849802,-0.013436304,0.08446797,-0.01474633,0.08737693,-0.08600034,-0.21834044,0.1333905,0.11882842,0.24982128
64,-0.020024242,-0.00224815,0.23329726,0.058118522,-0.0485791,0.13204294,-0.19051187,0.07037831,-0.09041535,0.20070355,-0.19513054,-0.06588264,0.06840898,-0.16172138,-0.036699936,-0.034274735,-0.046491046,0.43929425,-0.047113135,0.034148067,0.018451499,-0.0032401753,-0.18835455,-0.08647933,0.12365927,-0.08350667,0.025823817,-0.0287428,-0.12037514,-0.00014907945,0.14323846,-0.088296555,-0.002089371,0.09303046,0.001973964,0.020975728,0.16913293,-0.04924139,-0.07727709,0.06436805,-0.122937396,-0.066278085,-0.06141209,0.052229818,0.074084416,0.1974137,0.107260615,-0.25153393,-0.14591944,-0.29191503,0.1552791,0.031430174,-0.009048099,-0.019946076,-0.2349073,-0.019942123,0.09615554,-0.052117184,0.057234097,-0.08067119,-0.20803915,0.10418737,0.13426055,0.26397067
65,0.0155921,0.02007385,0.2382841,0.06979308,-0.048631366,0.17651063,-0.19344492,0.08418869,-0.090362564,0.21725953,-0.17344475,-0.1035892,0.047883827,-0.13207364,-0.067399085,-0.045450337,-0.050560765,0.4090604,-0.05909459,0.027986787,0.041041482,-0.010855064,-0.18236107,-0.058039345,0.10109158,-0.08007827,0.032299332,-0.055352043,-0.0985938,-0.0072530233,0.110971265,-0.07375024,-0.0154646095,0.087456666,0.025239991,-0.0029443027,0.16236745,-0.089462146,-0.07122346,0.0874242,-0.1544216,-0.054427166,-0.069700494,0.026026772,0.098702505,0.2037635,0.09802905,-0.24203497,-0.12564185,-0.25682408,0.15075716,0.068079,-0.016310323,-0.0076171122,-0.2723251,-0.0077514458,0.093960725,-0.003343962,0.06797654,-0.106061004,-0.23398878,0.12273253,0.14804815,0.26747337
67,-0.0057400223,0.010890124,0.22826073,0.0642503,-0.031200893,0.15149345,-0.2025876,0.03885585,-0.12014707,0.19088896,-0.19808392,-0.09162285,0.039893374,-0.14485317,-0.043746304,-0.015990624,-0.06253648,0.42309472,-0.07552898,0.015956014,0.0463184,-0.025519114,-0.14803383,-0.06184246,0.09673537,-0.10787478,0.00390921,-0.06672423,-0.09702846,0.034616593,0.1247864,-0.07651529,-0.018398544,0.07487824,0.015131577,-0.009556198,0.15713422,-0.049114283,-0.07034657,0.09639093,-0.15061505,-0.076094836,-0.05422113,0.0716578,0.08174752,0.2109351,0.11599174,-0.24581365,-0.1535206,-0.28874186,0.18345788,0.017122535,0.02893515,-0.04006047,-0.22788042,-0.026268238,0.12403203,-0.018972775,0.070461996,-0.05992849,-0.21860772,0.09641825,0.09763555,0.2770195
68,-0.008246682,-0.00604168,0.22537172,0.06664155,-0.021556124,0.13796222,-0.17943943,0.094625495,-0.09721441,0.23627058,-0.20260984,-0.054325193,0.06111821,-0.13444439,-0.061607126,-0.06262352,-0.048761517,0.4314322,-0.036297526,-0.0153632965,0.024438113,-0.018285632,-0.1854745,-0.06454855,0.09230698,-0.09848724,0.024219189,-0.021236243,-0.06885255,-0.007976382,0.10482045,-0.0986213,-0.0027517343,0.08285702,-0.0054442766,-0.039114665,0.15769647,-0.049789738,-0.06975854,0.06811556,-0.18313044,-0.08435813,-0.048327286,0.04477719,0.049449325,0.19906265,0.07422791,-0.22206144,-0.14418082,-0.30878797,0.14261895,0.053536702,-0.026350297,0.012344707,-0.26181975,-0.03586359,0.07320365,-0.036372524,0.06467011,-0.08936884,-0.23481333,0.10605168,0.13149388,0.28314084
70,-0.030659288,0.01785215,0.2096148,0.051801287,-0.023077587,0.13472077,-0.16839129,0.07595781,-0.083182946,0.2356934,-0.20012452,-0.09721298,0.075495966,-0.1554499,-0.043090206,-0.031674325,-0.053267628,0.42337543,-0.03260016,0.025453674,0.01637048,-0.013615453,-0.17272522,-0.059191875,0.11777887,-0.104863666,0.0174112,-0.04186823,-0.1027446,-0.013214912,0.123355344,-0.123221405,-0.020936804,0.08274243,0.029826632,-0.025788805,0.17598136,-0.05091584,-0.067098826,0.053855397,-0.16606264,-0.05468515,-0.0772388,0.023263242,0.07887603,0.2325039,0.113912225,-0.22826421,-0.17516346,-0.30119237,0.16888756,0.030181656,0.026709303,-0.01754203,-0.24122924,-0.02047231,0.057997983,-0.048028592,0.06768022,-0.07717114,-0.2203535,0.11029707,0.13999407,0.24751091
71,-0.00012858959,0.01661123,0.20687887,0.060589362,-0.049689125,0.12902258,-0.19869044,0.048852373,-0.07652443,0.23530641,-0.19124027,-0.070491426,0.06138847,-0.17565547,-0.049368333,-0.037803862,-0.056467384,0.42514563,-0.0778194,0.0032800476,0.049409546,0.0016395816,-0.17453867,-0.03408867,0.08370753,-0.10265618,0.006109912,-0.024804268,-0.11169138,0.0069765057,0.122221865,-0.116220795,0.015329235,0.092997424,-0.006174153,-0.00017005544,0.16279493,-0.06422392,-0.048197944,0.06639838,-0.15250199,-0.07968136,-0.055840362,0.042594902,0.05896151,0.20933953,0.09874552,-0.22891675,-0.13053052,-0.28766018,0.17819709,0.03482769,0.0066585406,0.010328139,-0.25466663,-0.0095636435,0.079435766,2.9901143e-05,0.08387319,-0.09999703,-0.23420504,0.1241396,0.13828373,0.2557302
72,-0.028488487,-0.0022647579,0.21168791,0.018995004,-0.038988233,0.15296997,-0.19447146,0.03838564,-0.08023321,0.23731932,-0.19379264,-0.10296992,0.069431655,-0.17402229,-0.029738817,-0.0136409355,-0.0701347,0.41066852,-0.035471104,0.0007673911,0.044529088,-0.042968027,-0.15229958,-0.039400887,0.08470704,-0.09645521,0.031834804,-0.019794965,-0.099597715,0.0425619,0.13393483,-0.1264707,-0.011136004,0.10651616,0.008150222,-0.031877186,0.18858387,-0.05226287,-0.07471828,0.06300626,-0.15855606,-0.07870923,-0.05915249,0.057031546,0.065928996,0.20098135,0.10484585,-0.22203843,-0.17026795,-0.30735067,0.19103873,0.045595232,0.016006604,0.010948876,-0.23354906,-0.024588881,0.085938476,0.0072302795,0.09998085,-0.07863812,-0.21435949,0.10245714,0.1405687,0.26282263
73,-0.009571576,0.017905157,0.21035415,0.062441077,-0.019751433,0.14784575,-0.17964578,0.06772674,-0.08867649,0.24185847,-0.19632483,-0.08342029,0.034649093,-0.1786309,-0.049266033,-0.05315349,-0.05844648,0.40627852,-0.032512646,-0.029791582,0.04740148,-0.020374153,-0.17486703,-0.05587187,0.11034341,-0.08867823,0.024651593,-0.02838843,-0.10196086,0.013168081,0.12867208,-0.09945516,-0.0024334353,0.08683376,0.004605659,-0.028308365,0.17266932,-0.052255798,-0.08452271,0.06755421,-0.14842452,-0.065141335,-0.050988033,0.075228445,0.03626232,0.20538023,0.08707672,-0.22056848,-0.16208266,-0.31188667,0.16548249,0.05183622,0.02364695,0.0023528673,-0.2403567,-0.025209436,0.09174935,0.0129879955,0.08201686,-0.09163915,-0.24600536,0.12306427,0.13545948,0.2587389
75,-0.011514882,-0.005122794,0.21877335,0.06713802,-0.032524977,0.1448259,-0.14604744,0.02833158,-0.10565441,0.21916214,-0.18610187,-0.082950786,0.05962068,-0.13576739,-0.078086354,-0.043288648,-0.054890323,0.44241917,-0.0564283,0.021747297,0.02922629,-0.018048596,-0.16686572,-0.058948666,0.08694602,-0.12063263,0.018378645,-0.044329137,-0.09095166,0.003650388,0.09168528,-0.06301155,0.00023750293,0.09725963,0.01427113,0.01770625,0.15996732,-0.04870996,-0.04633153,0.074169435,-0.16304924,-0.090380505,-0.05150157,0.053446185,0.054758385,0.22006644,0.09339131,-0.2505141,-0.1484106,-0.27958727,0.1864858,0.060614407,-0.0027757494,-0.003120203,-0.23785491,-0.0018556189,0.07551844,-0.043249667,0.05732755,-0.048291706,-0.24080223,0.1253715,0.110365145,0.2891423
77,0.006937461,-0.010732732,0.23601322,0.03753661,-0.015712362,0.15083133,-0.16427948,0.041687686,-0.123003446,0.19671327,-0.1961361,-0.088280745,0.07714961,-0.14528528,-0.053334843,-0.022939157,-0.07350202,0.41282675,-0.04813065,0.017196221,0.035404257,-0.010152549,-0.15479149,-0.049546618,0.087740816,-0.10241727,0.021916581,-0.036880232,-0.099349506,0.013179557,0.12038691,-0.09545644,0.013664008,0.08525668,0.012485863,-0.018602565,0.188303,-0.08677111,-0.08091742,0.08259995,-0.1596838,-0.08952924,-0.07321439,0.05940369,0.10027098,0.22414114,0.10576292,-0.2502526,-0.16682793,-0.31426126,0.16097541,0.057474766,0.018786497,-0.021690989,-0.22463056,0.007839318,0.07992208,-0.027298123,0.057522867,-0.08340827,-0.20252974,0.12206101,0.11072473,0.28695524
78,-0.024205703,0.025511485,0.20427893,0.053422634,-0.021711415,0.15289277,-0.21037549,0.04683195,-0.08845496,0.24279208,-0.21034347,-0.09515812,0.05239016,-0.14976789,-0.029024165,-0.053796683,-0.05297725,0.42180362,-0.043460865,0.0030656666,0.04886254,-0.0027760414,-0.14851882,-0.065508574,0.07559652,-0.100846745,0.017314933,-0.055120688,-0.12183847,0.01729427,0.117275774,-0.08981962,-0.0010311761,0.10577161,-0.010282769,-0.016963363,0.13679607,-0.03712404,-0.079893805,0.063854024,-0.1571718,-0.077147335,-0.03610892,0.06628605,0.08628044,0.19934927,0.079172425,-0.22228959,-0.1702993,-0.3164786,0.17930593,0.026699878,0.013716009,0.0041682,-0.2549516,-0.034844324,0.06441852,-0.0195303,0.07357183,-0.06249799,-0.22668083,0.09556005,0.11348657,0.2695715
81,0.0037202272,-0.0012395083,0.20497277,0.050265513,-0.041646004,0.14770177,-0.19953921,0.034780465,-0.11033359,0.22004747,-0.19429608,-0.07519703,0.048556976,-0.13912095,-0.06613131,-0.04199334,-0.04398953,0.4350021,-0.07400899,-0.0014631825,0.06753385,-0.035898272,-0.15280803,-0.042834613,0.099071644,-0.11015423,0.024819506,-0.041203707,-0.116502404,0.0048908233,0.12657623,-0.07692001,-0.005391068,0.08890236,0.0026670417,0.005581076,0.16401187,-0.048402455,-0.07303549,0.061245494,-0.15068686,-0.08891703,-0.02932566,0.0672725,0.061740693,0.23189726,0.091584414,-0.24069434,-0.16114369,-0.3031936,0.18840857,0.01597686,0.0049152058,-0.0041691796,-0.21748996,-0.022239545,0.08746154,-0.0029250158,0.06953767,-0.043938573,-0.21682355,0.09214908,0.103251904,0.28556678
82,-0.008872117,-0.022236098,0.21309145,0.045181327,-0.05860507,0.15965155,-0.18741573,0.046001956,-0.10703136,0.21747857,-0.18379194,-0.07163224,0.07703612,-0.17991973,-0.053625632,-0.03647474,-0.059050523,0.44525117,-0.072669424,0.01175619,0.03204486,-0.046019845,-0.17854924,-0.0771654,0.09336842,-0.081704095,0.021633936,-0.04369095,-0.08747847,0.011645845,0.07784793,-0.10343187,-0.0026751705,0.0785479,0.016520042,0.0009779204,0.15398782,-0.09189915,-0.05140982,0.070756294,-0.13903798,-0.08813906,-0.028915877,0.025655875,0.08222894,0.22775441,0.078558594,-0.23045486,-0.17247528,-0.2756176,0.16213463,0.042364296,0.008492646,-0.023911914,-0.25759083,-0.0041980622,0.0938254,-0.01692696,0.0785386,-0.0954315,-0.21494585,0.102580935,0.123474926,0.26194045
83,-0.022440504,-0.003260576,0.2163654,0.073536515,-0.041292332,0.115184605,-0.16467988,0.07266146,-0.052806742,0.22054625,-0.19651347,-0.061427977,0.07843177,-0.15695205,-0.0563137,-0.05564869,-0.032300543,0.43537214,-0.066454545,0.0103255985,0.041681286,-0.041144438,-0.17693412,-0.074883305,0.12997146,-0.09785351,0.007085098,-0.055928517,-0.08957042,-0.030617487,0.10351437,-0.09030042,-0.01898899,0.066361986,0.047739837,0.010658889,0.137393,-0.093248956,-0.036150813,0.058912646,-0.15727024,-0.040780827,-0.0598842,0.056185916,0.07827652,0.23967564,0.10905292,-0.22190449,-0.14490952,-0.2816346,0.18741912,0.054233097,-0.0005639478,0.007884307,-0.24477816,-0.013514089,0.07732418,-0.04438594,0.051039383,-0.10132321,-0.24083215,0.13358355,0.13736217,0.24805729
84,-0.014460478,-0.0010704992,0.17403392,0.06627185,-0.05074551,0.1421863,-0.19109827,0.07144085,-0.06547174,0.23304158,-0.19510524,-0.049908973,0.09411963,-0.19384412,-0.036316514,-0.02836642,-0.037951782,0.4364167,-0.05810955,-0.02545002,0.044176098,-0.02418019,-0.20355931,-0.05508392,0.108653896,-0.096784465,0.0023080443,-0.042145155,-0.107401766,0.012930563,0.112656355,-0.098364726,0.011006983,0.08885439,-0.00081349263,-0.011819241,0.16445282,-0.082462765,-0.07074373,0.047126975,-0.13043846,-0.05899533,-0.042499296,0.03418017,0.07262799,0.20700501,0.10741083,-0.216829,-0.15622129,-0.30078325,0.15354553,0.025394697,0.01747919,-3.1934753e-05,-0.24353264,-0.0077696177,0.052385595,0.004375343,0.07409578,-0.0996258,-0.23677735,0.1267163,0.17547025,0.26138994
87,-0.0061722235,0.008325813,0.21212117,0.05762212,-0.042828217,0.13900502,-0.2078178,0.06536187,-0.08595829,0.24624169,-0.19242045,-0.10848092,0.06418783,-0.16432005,-0.041860346,-0.02809683,-0.048751935,0.40656585,-0.05768723,0.002123626,0.04782631,-0.019735228,-0.15490818,-0.029594632,0.07152051,-0.107294045,0.035331745,-0.04816659,-0.10761685,0.032765396,0.121094145,-0.08834083,-0.0109043885,0.10511776,-0.00868283,-0.030800477,0.16672045,-0.06307406,-0.08148907,0.06393123,-0.17074049,-0.07675979,-0.07492014,0.044884726,0.078764886,0.21092029,0.09285846,-0.2426028,-0.16000196,-0.3006911,0.1478544,0.03121862,-0.015443645,-0.025381237,-0.24519174,-0.019734591,0.06402367,-0.033739593,0.065467134,-0.06669346,-0.20518985,0.11536608,0.13984998,0.2849971
88,-0.023254303,0.02780671,0.17397803,0.084224604,-0.036901295,0.1213445,-0.20629968,0.07591442,-0.07885048,0.23591419,-0.20639485,-0.06786521,0.06423912,-0.18385895,-0.043244906,-0.05385465,-0.04903326,0.42919907,-0.09039748,0.0017224944,0.027300945,-0.020647079,-0.18021972,-0.06890058,0.09247137,-0.09303063,0.005366365,-0.033655297,-0.07892484,0.0067965672,0.12433459,-0.088654816,0.028768724,0.092086434,0.015282486,-0.034842648,0.16924007,-0.05286933,-0.058677286,0.045668397,-0.14769161,-0.05253649,-0.06859731,0.050343037,0.055375706,0.22305128,0.08822794,-0.21321864,-0.15007249,-0.3050731,0.16165327,0.03804172,-0.00054306077,0.025166852,-0.24490692,-0.007730974,0.07767341,-0.0046409024,0.066389084,-0.07620188,-0.21702275,0.12338251,0.13021334,0.28243858
89,0.011966898,0.03519111,0.24014096,0.032553434,-0.02313965,0.16104853,-0.20200942,0.08960673,-0.070534915,0.23052312,-0.17368478,-0.099682294,0.07055373,-0.16411881,-0.06075435,-0.032047283,-0.07775668,0.4005223,-0.043442033,0.027361553,0.035512213,-0.030076057,-0.18336783,-0.03764001,0.10789537,-0.08619375,0.022653224,-0.04937816,-0.106857166,0.024861068,0.15535198,-0.09158403,-0.013053499,0.08759879,0.0027204524,-0.00859947,0.20192786,-0.044231907,-0.113086544,0.06866689,-0.12169049,-0.058453687,-0.069922246,0.02862242,0.075096875,0.21243913,0.12144634,-0.24571493,-0.13406846,-0.28983134,0.15587825,0.062965535,0.033794817,-0.0028038719,-0.24805114,0.017915107,0.10335162,0.01599985,0.06456352,-0.08149852,-0.19483891,0.12586322,0.13646501,0.28306717
90,0.011704038,-0.008305284,0.17555463,0.04684552,-0.012685376,0.14489356,-0.18296935,0.06999199,-0.10577291,0.23262373,-0.18561599,-0.08221337,0.0832381,-0.14767726,-0.052868105,-0.043467883,-0.0756663,0.4339988,-0.08348195,-0.008028634,0.054200634,-0.0316793,-0.18343759,-0.05736168,0.07217449,-0.12756062,0.0027557602,-0.032489322,-0.09600946,0.02645489,0.1182719,-0.061857775,0.03698301,0.07779436,0.032348096,-0.034384686,0.13986771,-0.083556905,-0.08124815,0.040196907,-0.17334113,-0.09521501,-0.07464014,0.061858155,0.044683434,0.18929638,0.082854174,-0.24558598,-0.1707262,-0.3202827,0.1459489,0.04423251,0.029370109,0.01763723,-0.24197598,-0.0018624866,0.07335103,-0.011620597,0.066372134,-0.08407444,-0.21984243,0.13736807,0.117111,0.3027317
91,-0.022982042,-0.002203439,0.21731988,0.03314319,-0.056822315,0.11799063,-0.19088285,0.054001804,-0.08133907,0.24761218,-0.20304468,-0.0808052,0.09023362,-0.17757624,-0.035884187,-0.025430366,-0.050524455,0.42470345,-0.064875744,-0.0132067865,0.043315515,-0.028636945,-0.1472344,-0.06574449,0.07914668,-0.10235553,0.01465585,-0.04776698,-0.10327449,0.03797842,0.102485664,-0.115088925,-0.021997135,0.1049951,0.027721448,-0.00040040628,0.13082092,-0.07847323,-0.039948367,0.043131977,-0.15158306,-0.058669478,-0.05017621,0.06930197,0.07686411,0.22849746,0.08151017,-0.2231328,-0.14395669,-0.28954977,0.16080649,0.012377508,0.022496855,0.011865839,-0.26843372,-0.028025728,0.06809473,-0.001674727,0.109130844,-0.0649892,-0.22347933,0.104254834,0.15219589,0.26699352
93,-0.017244842,0.038839575,0.20952167,0.05374137,-0.044485442,0.14427324,-0.18486467,0.08971768,-0.08392,0.22813009,-0.20183927,-0.08532888,0.043736536,-0.14632529,-0.037264768,-0.058287166,-0.05864625,0.3992191,-0.06142185,-0.033697262,0.040922184,-0.016555281,-0.18566537,-0.052466393,0.11841963,-0.084545895,0.022118445,-0.04763891,-0.10497166,-0.017399127,0.11730426,-0.09535093,0.020995136,0.08888765,0.03176135,-0.012140531,0.14765611,-0.054914296,-0.09574163,0.06862555,-0.16617355,-0.047610298,-0.05050955,0.060067583,0.033029936,0.1993265,0.10094825,-0.23791575,-0.15418237,-0.3044114,0.14113967,0.047949582,0.0054788413,-0.007571886,-0.256535,-0.018067503,0.09856431,0.01389474,0.07737313,-0.100716904,-0.24987213,0.14094064,0.13179421,0.27848843
94,-0.0012179908,0.01718924,0.20039625,0.04117342,-0.04235038,0.13757308,-0.18933599,0.06400662,-0.08361131,0.22480974,-0.19512594,-0.093342,0.057424523,-0.17681006,-0.016172929,-0.018785682,-0.06763082,0.40456522,-0.044702657,-0.010667858,0.039920337,-0.022692623,-0.19347411,-0.09371717,0.11504561,-0.11458853,0.021226224,-0.046953257,-0.11574,0.021074023,0.12709013,-0.091710426,0.00933466,0.06994203,0.00097522076,-0.015366588,0.19485524,-0.065430395,-0.089351416,0.08386173,-0.14004938,-0.070633285,-0.06286766,0.057467032,0.061047986,0.20892285,0.09204254,-0.21825741,-0.15154812,-0.30254027,0.12987311,0.05059638,-0.0011522115,-0.012707979,-0.25428003,0.013025934,0.107839696,-0.02502949,0.056716304,-0.063144825,-0.21898997,0.12357197,0.13654606,0.28869078
95,-0.018469825,0.02030969,0.23713067,0.055810023,-0.02561055,0.14623451,-0.18413693,0.045093957,-0.09913094,0.24038269,-0.189732,-0.10025031,0.066712946,-0.16304858,-0.034023535,-0.034164503,-0.069406144,0.41705832,-0.062572405,0.0067706406,0.051078692,-0.055921905,-0.17488639,-0.08775595,0.0951195,-0.080606624,0.024069777,-0.07308259,-0.11133865,0.01633708,0.1023033,-0.07405673,0.0063963807,0.0946187,0.051269464,-0.011584765,0.16767775,-0.08131825,-0.05538582,0.04625704,-0.15959701,-0.07169543,-0.043607954,0.025480673,0.06996113,0.19314083,0.08966118,-0.24098171,-0.14106594,-0.27878612,0.17652631,0.059596825,0.0013306468,0.0061142384,-0.27096134,-0.0012258164,0.0806535,-0.018717682,0.061424285,-0.059927236,-0.20967588,0.11287654,0.12055125,0.27408206
96,-0.022017213,-0.013055566,0.20969093,0.054893024,-0.036558103,0.1578415,-0.16539054,0.060223427,-0.079513885,0.24466805,-0.18279791,-0.07147336,0.071892716,-0.15019503,-0.04560705,-0.046950206,-0.047211915,0.42634323,-0.08294068,0.028679216,0.051365495,-0.005810644,-0.18601684,-0.04656659,0.0988066,-0.09349739,0.044949114,-0.036823846,-0.108878374,0.022462677,0.13960217,-0.073627226,-0.017212924,0.12020338,-0.016654901,0.00090585556,0.16450728,-0.09578222,-0.09304748,0.06232228,-0.1355103,-0.08681096,-0.06100285,0.03178994,0.071650796,0.21677658,0.09549913,-0.21919419,-0.14661124,-0.3078153,0.18141583,0.016406313,-0.016791243,-0.008567635,-0.2404547,0.02377748,0.050209958,-0.008763684,0.068441905,-0.094854385,-0.20588231,0.084860936,0.1356722,0.2866705
97,0.007444776,0.0045448216,0.20692562,0.039450258,-0.005420525,0.17438862,-0.20049588,0.07665206,-0.08877081,0.23416677,-0.20573007,-0.07986984,0.081419416,-0.1328027,-0.03567805,-0.037203155,-0.057733737,0.44030192,-0.046154335,-0.003271722,0.014043778,-0.034929603,-0.16342661,-0.040945526,0.08682225,-0.08663639,0.034336362,-0.036909185,-0.13041537,-0.016363766,0.12799218,-0.11518436,-0.010146045,0.08745232,0.018476136,-0.022571322,0.124654755,-0.06972029,-0.06534989,0.045701846,-0.15969919,-0.04959496,-0.06681089,0.04969786,0.074774876,0.22875509,0.11251955,-0.23702966,-0.2003619,-0.27694905,0.16874704,0.023481764,-0.0094870515,-0.011761634,-0.21698396,-0.00982868,0.09828896,0.004239478,0.0784456,-0.07125101,-0.23213714,0.09970246,0.13766252,0.290221
98,0.004437359,0.00024965088,0.20502396,0.056516353,-0.01737482,0.15518075,-0.20287889,0.057350107,-0.081234604,0.22583982,-0.19214551,-0.108084634,0.06272258,-0.16001296,-0.06374438,-0.034402195,-0.07021667,0.4145565,-0.061128993,0.024394294,0.055593085,-0.028588606,-0.15814221,-0.046382457,0.09240505,-0.09155165,0.023048999,-0.043246053,-0.09851146,0.020673448,0.12869036,-0.0802835,0.0019602054,0.105895735,0.006888765,-0.03142424,0.18088154,-0.06979252,-0.087016195,0.048305124,-0.1422437,-0.08476546,-0.044470754,0.050581735,0.078676015,0.21519902,0.08686028,-0.22121021,-0.16586863,-0.27636132,0.1910286,0.023162108,0.014772775,-0.012969055,-0.26095325,-0.0026754509,0.0941925,-0.014388386,0.08528376,-0.05063414,-0.19525021,0.114083536,0.13535555,0.2968424
101,0.009096454,0.025803,0.18960121,0.07933949,-0.027774759,0.13524397,-0.19251448,0.0624868,-0.11213901,0.23323092,-0.20069401,-0.0785466,0.029097177,-0.14936927,-0.035557672,-0.032832228,-0.0627381,0.44533512,-0.08718759,-0.019125126,0.03094903,-0.039620697,-0.15507682,-0.07523699,0.081911676,-0.11083131,-0.035888422,-0.051365342,-0.09385949,0.017443534,0.10956316,-0.09581033,0.019750275,0.091837555,0.02890339,-0.002650797,0.14673755,-0.03407741,-0.046125934,0.059427127,-0.17712638,-0.09539639,-0.01872838,0.061590225,0.04961786,0.20966971,0.06548017,-0.2184944,-0.15882793,-0.28286546,0.18962939,0.056560427,0.016198646,-0.01834875,-0.25404924,-0.021694148,0.10238898,-0.024219874,0.06259261,-0.086597614,-0.23053078,0.11119463,0.1368757,0.27276832
104,-0.026108386,-0.0030799727,0.22308719,0.07627805,-0.02761691,0.116183564,-0.16149591,0.054706037,-0.06341642,0.20428415,-0.1688519,-0.10897396,0.07415066,-0.18383622,-0.038769074,-0.059927266,-0.061567537,0.4361586,-0.024391776,0.020083515,0.05781653,-0.052387375,-0.12840843,-0.09193244,0.06805886,-0.10325845,-0.0019584673,-0.06751207,-0.1007684,0.023278177,0.090685986,-0.08693845,0.005855997,0.09200857,0.03342373,0.0060203806,0.1789741,-0.08242732,-0.07903264,0.035100013,-0.17157955,-0.06251168,-0.04407694,0.055254523,0.09436679,0.21948473,0.094916314,-0.25224376,-0.16962348,-0.30169436,0.18493472,0.03007923,-0.00068159885,0.016724078,-0.2434057,0.01768818,0.044378985,-0.05485927,0.0866855,-0.06288441,-0.2239621,0.13568401,0.12920074,0.25809318
105,-0.0023277297,0.023908228,0.22670607,0.06955322,-0.04522314,0.14218557,-0.1827335,0.06296256,-0.07519783,0.20912454,-0.18584631,-0.08728188,0.06755138,-0.15718208,-0.056179542,-0.047067065,-0.07499125,0.41808712,-0.03772089,0.031195858,0.07519165,-0.05295846,-0.14043194,-0.04899311,0.084658705,-0.093991645,-0.004457624,-0.05377938,-0.09002537,0.017190116,0.112789534,-0.08936418,0.011380858,0.07882619,-0.004220395,-0.002034912,0.15666118,-0.05976957,-0.08351309,0.062918015,-0.15142171,-0.09443377,-0.041490756,0.059439417,0.0772737,0.21310888,0.10083285,-0.22247738,-0.14370872,-0.28620246,0.19242433,0.044583295,0.021053722,-0.022934832,-0.25523955,-0.030758966,0.09817963,-0.036976214,0.10348768,-0.087289184,-0.20190847,0.114497796,0.104782574,0.29189762
